id,CODIGO_SEC,SECTO1_1993,SECTO2_1993,SECTO3_1993,SECTO4_1993,SECTO5_1993,SECTO6_1993,SECTO1_2005,SECTO2_2005,SECTO3_2005,SECTO4_2005,SECTO5_2005,SECTO6_2005
1,1100111101,139,130,127,95,18,15,434,461,642,583,572,52
2,1100111102,209,266,374,294,98,50,249,859,1084,602,272,27
3,1100111103,169,235,342,225,78,41,35,708,593,253,35,46
4,1100111104,109,97,92,47,18,9,559,457,229,102,40,0
5,1100111105,319,185,132,55,10,11,204,315,251,200,0,0
6,1100111106,772,985,1120,644,160,73,510,1283,1448,1204,173,77
7,1100111107,247,361,572,314,74,46,283,447,888,246,167,0
8,1100111108,282,443,595,644,302,131,162,448,700,678,314,230
9,1100111109,31,38,123,189,117,78,94,0,256,494,122,0
10,1100111110,42,45,118,139,64,46,106,213,238,220,151,0
11,1100111111,25,57,161,274,150,76,0,47,628,562,159,27
12,1100111112,23,13,45,93,43,22,0,0,57,47,76,0
13,1100111114,29,44,112,133,71,42,103,87,135,75,30,62
14,1100111115,102,111,121,56,5,2,244,150,259,76,39,0
15,1100111201,228,512,785,567,204,110,274,742,947,677,161,83
16,1100111202,25,40,161,422,280,157,14,76,252,583,271,63
17,1100111203,6,17,50,162,81,58,1,18,136,183,113,56
18,1100111204,46,91,448,1081,722,378,33,237,757,1302,638,306
19,1100111205,13,35,127,306,196,90,0,94,281,207,80,0
20,1100111206,7,11,28,81,65,24,0,69,139,144,38,0
21,1100111207,37,93,247,382,219,123,0,154,525,541,447,157
22,1100111208,2,13,22,17,4,0,17,46,56,18,2,0
23,1100111209,35,87,187,296,164,115,102,137,342,581,261,162
24,1100111210,43,74,172,256,153,115,0,106,254,243,58,47
25,1100111301,185,354,633,463,110,56,469,678,1269,1267,340,197
26,1100111302,99,249,520,437,137,63,93,207,783,279,30,83
27,1100111303,335,784,1069,656,146,59,403,1684,1125,1170,257,44
28,1100111304,979,1671,1957,989,203,91,1397,3266,2564,1536,200,126
29,1100111305,287,400,452,235,54,16,339,784,959,208,96,0
30,1100111306,360,528,705,489,128,56,31,394,894,375,282,42
31,1100111308,415,707,879,551,100,68,507,1128,918,1058,172,0
32,1100111309,638,907,1002,485,109,52,127,510,468,221,40,36
33,1100111310,402,567,759,353,96,57,436,377,875,686,89,125
34,1100111311,355,608,664,318,68,26,258,698,630,406,69,0
35,1100111312,338,383,400,195,39,12,212,224,558,284,198,58
36,1100111314,362,502,600,265,48,16,292,344,495,403,53,0
37,1100111315,478,632,737,381,82,35,0,513,873,348,0,0
38,1100111317,130,158,119,46,6,3,208,307,108,87,42,0
39,1100111318,229,356,281,97,16,9,33,386,133,35,0,0
40,1100111319,737,1044,1011,454,100,37,718,1175,1016,431,293,34
41,1100111320,653,981,1087,442,60,26,462,1038,1008,527,109,29
42,1100111321,840,958,1084,551,105,49,795,788,1550,536,294,5
43,1100111322,109,131,101,54,9,0,84,94,294,246,0,0
44,1100111323,593,817,847,406,81,64,283,691,778,273,45,0
45,1100111324,414,554,795,552,120,52,295,677,872,143,1,0
46,1100111325,440,438,355,150,22,12,186,269,446,78,192,0
47,1100111326,383,426,376,125,31,11,138,266,395,228,33,0
48,1100111327,505,614,692,338,83,36,107,117,785,354,37,55
49,1100111328,255,166,124,53,5,1,307,81,147,44,27,0
50,1100111329,364,300,250,99,20,9,177,93,293,37,0,0
51,1100111330,45,46,39,19,3,1,0,33,0,1,0,0
52,1100111331,98,194,248,148,47,23,121,89,206,55,46,1
53,1100111332,508,947,1446,896,211,76,742,733,889,561,180,117
54,1100111401,159,431,1123,1130,410,157,110,225,969,834,356,162
55,1100111402,164,394,1108,1567,607,266,104,613,1445,1715,610,82
56,1100111403,12,33,206,676,474,245,0,1,225,880,385,120
57,1100111404,22,117,417,772,513,206,152,97,609,714,368,278
58,1100111405,136,362,879,1049,437,210,131,961,1187,1302,537,246
59,1100111406,130,320,665,857,379,191,111,150,1185,1017,582,110
60,1100111407,108,196,338,252,79,33,302,690,392,281,144,57
61,1100111408,115,270,623,651,232,95,213,580,1275,503,351,49
62,1100111409,504,845,1097,684,182,67,477,1127,922,498,206,79
63,1100111410,179,345,743,695,281,95,137,457,959,826,193,106
64,1100112101,50,137,323,467,205,100,110,268,653,506,107,37
65,1100112102,108,202,599,1123,650,416,114,321,908,1198,490,240
66,1100112103,69,145,444,595,265,170,187,266,567,541,192,85
67,1100112104,166,360,915,1103,509,303,222,510,1299,1299,446,258
68,1100112105,110,180,282,207,78,41,37,163,228,89,19,15
69,1100112106,1,0,16,49,33,15,0,14,22,6,10,0
70,1100112107,23,74,279,575,365,195,49,267,513,433,79,57
71,1100112201,97,295,545,551,213,97,143,284,697,589,175,50
72,1100112202,79,240,762,1104,478,256,146,370,826,1079,422,107
73,1100112203,38,122,431,703,364,222,23,114,503,524,203,128
74,1100112204,59,101,289,502,252,195,24,326,488,815,266,172
75,1100112205,350,694,1140,867,227,118,378,972,1396,539,163,69
76,1100112301,77,149,370,513,271,134,37,118,296,231,83,53
77,1100112302,138,295,597,420,124,62,176,430,599,382,125,45
78,1100112303,70,136,343,347,152,80,44,161,343,258,85,6
79,1100112304,58,149,214,198,71,21,62,121,148,265,98,8
80,1100112305,209,529,784,653,229,97,148,485,1132,328,127,62
81,1100112306,141,266,447,349,108,63,59,476,368,341,1,60
82,1100112307,407,765,1256,1020,352,203,288,898,1321,1193,427,110
83,1100112308,336,814,1172,823,236,93,267,455,1570,1133,62,31
84,1100112309,21,25,155,498,375,154,0,20,176,452,181,60
85,1100112310,169,406,672,636,191,80,182,331,801,366,136,24
86,1100112401,58,104,512,1289,725,321,75,132,720,1378,665,259
87,1100112402,824,1580,2017,1078,253,142,402,1003,1524,1287,291,180
88,1100112403,158,419,916,816,240,111,200,701,1194,869,337,104
89,1100112404,174,538,1148,1189,373,193,508,687,1204,1261,304,180
90,1100112405,9,19,132,482,422,155,21,188,340,1019,524,166
91,1100112406,612,1097,1548,892,199,94,540,1259,1697,901,111,0
92,1100112407,341,724,1040,603,158,50,163,400,587,497,142,0
93,1100112408,533,1161,1647,1055,262,92,461,932,1277,1169,220,20
94,1100112409,412,882,1505,1457,512,173,713,1565,2330,1952,595,86
95,1100112410,23,45,337,966,677,277,12,90,945,1959,1115,415
96,1100112411,31,34,246,764,560,242,0,52,730,1648,949,331
97,1100112412,0,0,0,0,0,0,0,0,1,1,0,0
98,1100112413,27,88,140,144,33,15,0,0,119,65,0,0
99,1100112414,593,832,1443,1265,421,164,1123,2626,3715,2361,989,128
100,1100112415,7,14,15,6,1,0,0,0,36,0,0,0
101,1100112416,1000,1257,1285,714,200,90,1224,2402,1665,1501,141,53
102,1100112417,1184,1094,852,278,62,24,1768,2205,1539,752,309,43
103,1100112418,577,395,263,79,19,8,1320,1940,1417,244,66,0
104,1100112419,98,280,1061,1520,496,241,137,249,1278,1214,460,155
105,1100112420,363,588,586,258,57,33,850,2007,1922,692,192,126
106,1100112421,857,1231,1827,1548,535,237,1093,2111,4871,3229,580,233
107,1100112422,110,40,21,5,1,0,1444,2084,1879,353,90,0
108,1100112425,0,0,0,0,0,0,959,729,746,82,2,0
109,1100112426,0,0,0,0,0,0,0,0,0,0,0,0
110,1100112501,792,1438,2069,1351,336,162,947,1700,2739,1304,101,20
111,1100112502,467,847,1086,613,138,90,189,395,737,441,141,1
112,1100112503,511,842,973,464,118,57,363,520,557,369,49,0
113,1100112504,1316,1864,1910,910,218,115,1349,1762,1865,843,200,1
114,1100112505,646,808,684,336,59,24,319,615,845,269,0,39
115,1100112506,214,538,789,643,197,58,182,466,765,455,61,26
116,1100112507,242,429,607,389,76,38,199,472,795,484,130,45
117,1100112508,508,900,1181,689,187,96,388,1008,1712,805,154,74
118,1100112509,524,691,754,377,99,66,607,817,725,352,40,15
119,1100112510,992,1513,1836,1269,360,209,1078,1756,2126,1507,356,91
120,1100112511,66,63,53,22,8,6,48,105,1,0,0,1
121,1100112512,5,3,49,93,17,13,19,0,54,93,21,1
122,1100112513,725,1171,1179,611,151,65,837,1323,1859,893,293,97
123,1100112514,257,283,265,118,26,15,873,590,766,247,0,0
124,1100112515,637,1148,1212,542,106,69,798,1120,2015,786,203,114
125,1100112516,329,604,606,278,67,36,523,1109,797,364,152,33
126,1100112517,784,984,1109,501,107,53,937,788,1047,424,151,73
127,1100112518,58,65,52,25,5,0,514,892,2298,1223,583,164
128,1100112519,1487,1738,1524,687,131,65,1237,1396,1444,459,92,41
129,1100112520,6,4,2,0,0,1,0,0,27,0,0,0
130,1100112521,1032,1347,1078,460,88,32,1159,1612,1395,881,87,85
131,1100112522,1,0,0,0,0,0,1,0,0,0,1,0
132,1100112523,941,820,634,218,42,24,1046,1217,646,555,43,65
133,1100112524,525,404,269,108,17,4,546,703,348,298,38,41
134,1100112525,624,556,382,114,27,16,489,536,838,157,53,0
135,1100112526,1277,1066,871,324,56,38,673,1360,1635,803,137,33
136,1100112527,429,538,508,266,43,28,686,1160,978,411,116,75
137,1100112528,828,1218,1303,589,148,46,911,3018,2736,1362,326,84
138,1100112529,156,364,891,762,228,95,335,767,2084,1257,443,0
139,1100112530,732,388,268,85,23,21,838,1002,528,128,1,1
140,1100112531,435,672,705,323,70,40,414,1132,1398,586,132,60
141,1100112532,421,707,909,387,97,38,430,646,1274,779,35,21
142,1100112533,329,800,1353,970,222,93,382,1323,2830,1422,307,124
143,1100112535,476,667,1508,1739,624,245,1206,1382,3291,2356,603,292
144,1100112536,152,481,1278,1268,356,141,174,546,1531,1011,349,183
145,1100112537,1295,2175,2582,1276,248,122,1639,2947,2792,2187,329,250
146,1100112538,14,93,452,607,158,73,55,230,520,345,132,95
147,1100112539,468,525,475,170,36,20,644,982,781,90,53,32
148,1100112540,687,610,481,148,32,11,518,1018,1084,631,138,79
149,1100112541,492,435,346,130,22,11,474,673,781,380,118,0
150,1100112542,36,107,268,237,58,16,0,493,567,273,40,11
151,1100112543,710,1168,1391,742,170,73,861,1942,2545,1574,284,36
152,1100112544,180,284,473,423,140,58,55,551,1148,485,74,68
153,1100112545,392,626,606,266,56,25,598,1174,1187,618,121,66
154,1100112546,0,3,1,0,0,0,0,3,2,0,0,0
155,1100112547,5,29,169,175,54,17,88,399,959,777,89,25
156,1100112548,657,697,580,256,55,30,575,1189,990,150,157,3
157,1100112549,465,339,207,76,12,9,456,428,545,182,45,37
158,1100112550,214,418,933,776,200,82,224,762,1550,1032,60,106
159,1100112551,596,704,660,249,51,23,857,1698,1202,475,124,30
160,1100112552,58,70,43,25,3,0,149,44,209,92,0,0
161,1100112553,123,114,111,28,11,7,492,1094,477,259,66,0
162,1100112554,39,29,19,6,3,0,88,151,175,33,0,0
163,1100112555,538,582,551,182,36,14,505,615,499,206,114,53
164,1100112557,33,32,30,12,2,1,1,6,7,1,1,0
165,1100112558,1300,1449,1211,439,85,35,1138,2008,2273,1192,315,119
166,1100112559,915,844,638,208,58,25,364,1007,485,97,159,0
167,1100112560,933,856,621,203,29,14,463,1257,628,254,91,32
168,1100112561,430,265,171,83,17,5,638,448,414,152,97,45
169,1100112562,179,63,44,14,4,2,408,91,47,85,0,0
170,1100112563,940,952,808,316,59,29,1240,1006,1173,807,154,56
171,1100112564,216,201,197,84,19,8,106,15,160,82,3,2
172,1100112565,135,227,220,99,24,5,528,1408,1755,881,146,27
173,1100112566,296,443,426,200,44,15,121,842,1336,596,39,75
174,1100112567,223,291,260,121,28,12,322,901,663,325,75,0
175,1100112568,455,471,550,553,219,94,286,1256,1387,1315,194,63
176,1100112569,126,134,154,94,32,8,319,203,699,102,157,0
177,1100112570,0,0,0,0,0,0,352,218,100,54,25,0
178,1100112571,0,0,0,0,0,0,142,72,72,0,0,0
179,1100112572,0,0,0,0,0,0,88,0,0,0,0,0
180,1100112573,0,0,0,0,0,0,84,1,0,1,0,1
181,1100112574,0,0,0,0,0,0,38,45,19,10,0,0
182,1100112575,0,0,0,0,0,0,1,1,0,0,0,0
183,1100113101,46,76,167,242,219,211,132,225,425,463,236,189
184,1100113102,85,62,223,495,515,590,62,134,461,867,698,484
185,1100113103,94,143,234,438,434,395,73,110,190,543,522,394
186,1100113104,84,74,86,84,29,36,56,68,105,137,50,70
187,1100113105,345,358,427,336,152,121,263,324,339,247,167,155
188,1100113106,75,87,137,168,132,127,85,82,132,217,133,96
189,1100113107,17,18,11,12,7,2,17,14,23,15,4,2
190,1100113108,21,42,108,190,103,102,65,123,225,237,102,77
191,1100113109,22,19,68,187,176,235,45,57,259,286,311,258
192,1100113110,40,74,108,154,123,143,26,33,98,158,128,136
193,1100113201,243,340,617,562,245,169,221,318,377,322,141,50
194,1100113202,468,551,746,509,184,133,609,650,699,529,150,61
195,1100113203,329,421,519,404,254,228,432,406,455,491,281,200
196,1100113204,133,179,309,248,75,37,97,188,237,150,42,33
197,1100113205,390,322,338,178,40,8,241,410,314,157,27,6
198,1100113206,87,108,163,99,25,20,63,113,97,85,17,7
199,1100113207,194,202,294,192,54,20,143,197,253,125,21,4
200,1100113208,645,723,855,408,79,34,497,696,761,270,51,7
201,1100113209,219,163,192,88,15,3,175,292,218,103,6,4
202,1100113210,209,145,133,48,15,1,159,166,109,60,7,5
203,1100113211,446,543,566,319,103,53,352,463,505,341,57,12
204,1100113212,190,310,376,182,50,31,292,386,357,176,34,23
205,1100113216,61,56,46,25,5,2,64,91,77,20,3,0
206,1100114101,109,262,453,504,203,124,149,327,540,376,144,50
207,1100114102,86,154,142,116,39,30,52,70,107,97,21,0
208,1100114103,167,121,141,105,37,11,222,128,151,106,28,29
209,1100114104,114,187,379,405,150,108,137,180,377,173,98,37
210,1100114105,122,247,686,907,504,301,120,279,458,592,264,140
211,1100114106,87,187,404,402,205,103,92,135,289,316,77,47
212,1100114107,20,51,291,692,537,251,28,123,249,648,258,128
213,1100114108,14,54,214,582,434,272,11,91,512,759,390,205
214,1100114109,28,51,183,500,362,236,20,90,335,549,244,90
215,1100114110,76,120,215,221,87,60,60,60,159,118,22,9
216,1100114111,34,58,134,196,119,72,16,85,179,211,100,43
217,1100114201,59,80,163,117,43,28,38,93,63,96,1,18
218,1100114202,27,59,240,638,415,201,57,134,454,1261,549,209
219,1100114203,129,251,607,820,432,202,53,253,408,740,276,143
220,1100114204,122,298,772,1009,476,165,136,413,1232,1463,392,183
221,1100114205,129,253,819,961,420,174,59,224,1269,1513,815,328
222,1100114206,123,305,902,1350,586,219,66,347,1010,1104,312,117
223,1100114207,87,39,19,10,2,6,0,21,12,21,0,0
224,1100114208,10,15,9,8,1,3,19,0,20,0,39,15
225,1100114209,32,68,251,471,320,114,18,82,387,623,213,78
226,1100114210,20,59,335,916,644,323,41,35,457,862,381,151
227,1100114211,38,134,373,570,231,116,75,156,518,644,406,66
228,1100114212,7,4,38,190,221,112,13,25,288,979,581,288
229,1100114301,3,12,34,36,16,6,0,0,10,55,0,0
230,1100114302,38,84,294,398,195,83,12,141,360,462,144,67
231,1100114303,58,145,411,536,219,90,74,101,538,648,206,110
232,1100114304,351,880,1959,2178,791,348,242,913,1832,2392,599,375
233,1100114305,138,296,599,525,159,80,70,254,419,335,48,138
234,1100114306,84,224,486,465,156,83,95,231,381,700,306,137
235,1100114307,86,245,510,563,225,98,62,272,552,575,175,53
236,1100114308,104,185,601,897,442,205,90,220,600,840,318,170
237,1100114309,54,146,470,924,501,230,121,213,654,1033,226,74
238,1100114401,86,209,564,918,632,327,126,265,969,1329,773,160
239,1100114402,31,58,282,956,731,360,9,113,571,1354,950,329
240,1100114403,67,181,785,1565,945,332,100,356,828,1411,502,132
241,1100114404,54,106,335,446,172,57,25,135,289,610,128,29
242,1100114405,28,63,263,517,248,152,24,147,368,469,205,71
243,1100114406,18,53,188,344,181,83,1,63,182,439,115,0
244,1100114407,158,437,1046,919,319,130,233,433,740,666,299,107
245,1100114408,69,126,363,412,188,95,106,73,480,461,96,45
246,1100114409,93,299,814,1073,422,179,36,396,714,862,284,89
247,1100114410,833,1662,2491,1719,476,209,614,1429,1974,2481,251,0
248,1100114411,299,755,1428,1219,376,145,285,914,1764,1082,240,1
249,1100114412,64,118,510,988,544,259,38,218,652,1397,360,104
250,1100114413,10,36,108,275,176,70,18,4,110,264,94,58
251,1100114416,51,100,377,563,265,125,0,125,202,454,76,151
252,1100114501,58,75,377,858,646,355,0,144,1125,1753,666,200
253,1100114502,448,998,1469,1178,538,293,657,907,2149,2948,2293,625
254,1100114503,81,160,592,1489,1235,674,2,281,1308,2654,1310,600
255,1100114504,311,767,1643,1818,778,361,299,813,2362,2292,982,417
256,1100114505,229,536,1344,1884,982,502,145,591,2206,1850,940,193
257,1100114506,244,470,796,962,369,145,204,411,511,597,1,166
258,1100114507,157,439,1066,1287,457,256,0,697,1882,1642,287,298
259,1100114508,263,535,1210,1030,337,167,291,538,1371,713,649,274
260,1100114509,41,117,636,2144,1649,786,145,406,960,1490,958,353
261,1100114510,158,385,964,1515,734,401,371,969,1706,2133,418,230
262,1100114511,140,292,884,1380,730,363,345,483,820,1044,449,814
263,1100114512,60,190,592,889,581,257,0,318,655,1039,595,69
264,1100114513,306,383,356,163,37,16,216,646,819,392,71,1
265,1100114514,47,162,976,1880,1024,475,15,841,1365,1922,922,252
266,1100114515,996,1733,2432,1572,465,176,703,2061,2188,2432,566,881
267,1100114516,418,668,788,349,82,28,414,508,1261,805,288,0
268,1100114517,798,1683,2561,2056,592,257,1079,1770,4632,3255,1130,523
269,1100114518,128,362,986,1411,669,250,54,540,1807,4151,1077,492
270,1100114519,767,970,925,370,73,20,1095,2821,2767,1572,437,98
271,1100114520,209,444,531,256,59,44,564,1434,1303,703,0,1
272,1100114521,995,2289,3184,1776,383,143,821,2936,3279,2045,400,275
273,1100114522,378,695,954,597,157,81,372,804,1782,1289,79,193
274,1100114523,641,1433,2077,1294,348,162,802,1112,1952,1800,460,548
275,1100114524,240,624,1031,673,135,67,453,913,1036,1061,260,2
276,1100114525,799,1300,1815,1332,397,211,857,2731,2290,1599,573,125
277,1100114526,1291,1844,1871,802,165,66,3281,5518,6469,2849,568,335
278,1100114527,976,2044,2632,1631,439,115,1458,4725,3914,2996,832,371
279,1100114528,1343,2396,3159,1714,449,252,1012,2638,3502,2259,419,219
280,1100114529,155,498,1138,1001,315,100,348,996,1339,1220,394,153
281,1100114530,63,158,856,1330,565,263,112,97,1355,1488,146,290
282,1100114531,6,12,76,462,529,349,58,5,159,1063,344,356
283,1100114532,456,1080,2454,2617,795,345,279,1376,1978,2256,524,504
284,1100114533,357,865,2018,3386,1802,866,312,1309,1889,3637,941,344
285,1100114534,1239,1874,2210,1031,224,102,2085,2859,4282,2244,904,510
286,1100114535,470,755,831,391,72,22,674,861,1437,748,486,1
287,1100114536,379,867,1153,660,110,50,477,833,1312,400,105,0
288,1100114537,24,50,521,1406,957,354,67,98,728,1247,659,206
289,1100114538,313,343,311,101,14,8,1779,1408,1215,949,805,119
290,1100114539,500,635,615,265,39,17,276,580,299,713,3,1
291,1100114540,36,86,356,598,244,59,0,95,152,197,0,0
292,1100114541,448,515,526,265,57,32,410,1491,2761,1826,665,120
293,1100114542,630,618,416,170,26,12,1354,3188,3709,1619,418,359
294,1100114543,160,120,111,47,13,8,552,398,1102,868,244,40
295,1100114544,29,43,98,74,16,7,114,65,1336,1241,431,245
296,1100114545,545,730,727,295,55,20,1188,1766,3096,1483,330,322
297,1100114546,44,35,32,10,1,3,272,998,5558,4696,1794,859
298,1100114547,661,1077,1194,609,128,38,748,1813,3752,1430,501,204
299,1100114548,0,0,0,0,0,0,39,1539,5073,5024,1302,412
300,1100114549,0,0,0,0,0,0,0,585,387,339,40,44
301,1100115101,40,37,178,519,445,247,37,61,344,920,625,209
302,1100115102,11,18,121,417,512,349,50,71,337,1005,1150,746
303,1100115103,8,20,87,277,251,124,0,22,87,374,202,155
304,1100115104,49,93,161,134,52,37,41,113,71,88,60,63
305,1100115105,26,6,34,211,281,272,0,0,49,221,159,269
306,1100115106,45,48,124,581,823,707,14,44,29,462,547,244
307,1100115107,9,9,48,188,268,242,0,15,97,345,389,408
308,1100115108,6,3,29,205,368,213,15,0,14,467,615,468
309,1100115109,0,0,0,0,0,0,0,0,1,0,0,0
310,1100115110,9,6,31,172,206,171,1,14,110,397,381,205
311,1100115111,3,9,42,386,612,474,14,0,64,516,725,254
312,1100115112,1,1,1,0,0,0,0,0,0,0,0,1
313,1100115113,11,12,70,728,1215,922,0,36,103,532,510,479
314,1100115114,0,0,0,0,0,0,0,0,2,3,0,0
315,1100115115,4,1,1,1,0,0,0,0,20,160,277,197
316,1100115201,180,318,645,716,330,211,307,326,466,583,298,167
317,1100115202,273,343,575,483,215,113,144,286,666,627,161,85
318,1100115203,171,366,647,604,195,121,308,333,804,609,117,139
319,1100115204,206,370,772,808,360,171,254,354,1018,752,455,132
320,1100115205,280,470,712,901,730,366,330,469,821,1055,885,350
321,1100115206,140,314,516,451,150,61,58,196,622,377,142,25
322,1100115301,14,12,45,411,796,837,75,0,0,867,1840,813
323,1100115302,4,2,12,73,167,181,0,0,95,522,410,493
324,1100115303,3,10,24,222,423,425,67,1,127,1,587,355
325,1100115304,7,20,62,418,699,608,27,40,132,768,763,514
326,1100115305,21,51,132,300,240,143,18,82,114,420,253,166
327,1100115306,3,5,18,191,308,199,0,0,45,307,356,142
328,1100115307,50,90,207,725,1151,910,40,111,222,964,1459,818
329,1100115308,188,455,764,758,311,167,336,509,924,790,325,165
330,1100115401,6,11,27,392,756,738,0,0,1,1042,624,688
331,1100115402,103,159,237,391,383,270,114,1,0,789,426,389
332,1100115403,86,166,297,592,903,668,56,0,314,983,1555,775
333,1100115404,496,950,1295,1094,540,325,135,490,939,891,677,218
334,1100115405,482,907,1168,788,252,112,461,832,1388,599,383,98
335,1100115406,97,189,653,1368,879,444,48,328,1380,821,496,279
336,1100115501,62,146,308,460,247,107,45,0,93,277,224,60
337,1100115502,244,812,2080,2625,1012,538,380,1254,2015,1457,809,416
338,1100115503,204,442,1077,1329,705,368,826,322,962,2064,1011,429
339,1100115506,11,15,17,13,2,0,0,46,3,194,0,1
340,1100115507,16,28,99,573,578,425,0,0,213,717,1364,486
341,1100115508,102,171,382,542,298,161,95,0,363,704,587,61
342,1100115509,106,213,508,745,360,169,0,120,823,546,114,50
343,1100115510,92,186,449,548,225,97,0,83,191,260,185,45
344,1100115601,125,167,312,806,751,406,311,402,788,1218,802,398
345,1100115602,25,69,227,582,448,242,2,72,266,1362,417,379
346,1100115603,422,909,1460,1039,290,123,342,990,1614,1102,107,282
347,1100115604,190,415,645,568,217,98,211,675,851,548,222,1
348,1100115605,51,146,385,577,288,155,85,190,989,945,251,437
349,1100115606,38,56,194,890,989,537,0,45,345,988,1705,438
350,1100115607,112,230,668,1111,541,232,67,538,681,1743,545,348
351,1100115608,227,560,1145,995,290,118,165,322,1082,766,164,108
352,1100115609,124,310,912,1059,365,164,156,523,973,1119,273,105
353,1100115610,365,681,1010,646,177,74,112,807,1388,1230,389,216
354,1100115611,23,39,259,688,507,254,76,85,633,682,489,347
355,1100115612,117,299,671,1056,727,336,60,389,1010,1383,427,313
356,1100115613,4,9,82,354,287,151,1,139,345,526,120,109
357,1100115614,99,195,625,1483,1018,577,144,172,676,1818,840,424
358,1100115615,152,310,534,553,240,102,90,381,1035,856,374,126
359,1100115616,333,636,1112,1066,426,207,379,1074,810,1349,635,332
360,1100115617,193,482,897,1058,398,181,60,562,772,1395,243,177
361,1100115618,44,152,556,874,483,225,56,167,442,1058,403,141
362,1100115619,218,506,1055,1432,674,337,203,820,982,1214,209,240
363,1100115620,156,315,749,875,278,107,268,476,543,972,544,127
364,1100115621,581,1132,1759,1240,396,167,608,2382,2910,1731,324,320
365,1100115622,208,429,1547,3471,2549,1506,101,822,2691,3609,2331,1037
366,1100115623,111,254,785,908,274,116,145,489,983,1400,431,65
367,1100115624,12,13,22,16,6,4,4,5,89,88,33,25
368,1100115625,51,75,288,1011,847,422,79,215,451,1421,681,522
369,1100115626,37,74,286,592,449,267,0,61,406,1161,646,242
370,1100115627,165,413,987,1129,376,107,118,183,1355,870,437,106
371,1100115628,88,274,695,922,412,158,309,336,859,682,188,215
372,1100115629,277,572,1041,1250,749,408,1222,1952,4573,4909,1803,815
373,1100115630,409,897,1483,1049,250,91,476,1816,4678,2481,1289,245
374,1100115631,232,372,546,320,72,54,411,1547,2527,2293,540,58
375,1100115632,214,350,500,347,80,36,537,1420,2958,2095,605,68
376,1100115633,60,130,796,2430,1793,797,72,259,2154,3594,2020,694
377,1100115634,19,61,252,952,855,466,167,1,564,1758,1305,780
378,1100115635,53,115,413,1192,966,526,1,155,1013,1951,1369,509
379,1100115636,46,53,498,2606,2590,1375,7,96,1049,6443,5929,1905
380,1100115637,331,660,1724,2475,964,422,359,1097,1947,3479,596,452
381,1100115638,0,0,0,0,0,0,0,0,0,1,0,0
382,1100115639,0,0,0,0,0,0,0,0,0,1,0,0
383,1100116101,17,33,74,147,128,97,11,87,96,132,105,34
384,1100116102,6,12,20,36,14,13,8,11,34,37,23,12
385,1100116103,152,272,637,891,511,342,625,734,1193,1090,333,206
386,1100116104,129,209,343,415,274,245,314,274,467,473,239,92
387,1100116105,52,70,115,122,57,47,246,162,241,145,45,44
388,1100116106,43,84,101,87,33,13,100,112,180,191,107,57
389,1100116107,6,6,24,19,15,4,9,8,20,24,0,7
390,1100116108,69,117,232,643,708,450,90,152,268,945,746,418
391,1100116201,18,16,103,452,613,539,0,68,210,638,877,486
392,1100116202,10,11,36,214,295,328,0,46,167,564,441,357
393,1100116203,13,10,5,2,2,0,0,0,0,0,0,15
394,1100116204,4,4,6,7,3,2,14,0,0,49,1,14
395,1100116205,24,27,12,9,1,1,0,21,25,9,15,0
396,1100116206,2,2,0,1,1,1,0,25,0,0,0,0
397,1100116207,2,3,9,5,15,12,0,0,21,0,0,13
398,1100116208,51,39,89,334,542,418,0,93,265,798,865,640
399,1100116209,10,9,23,170,277,241,15,25,47,323,270,165
400,1100116210,8,4,56,233,260,278,31,0,112,387,555,306
401,1100116211,64,112,205,155,52,24,25,103,75,99,18,0
402,1100116301,76,110,240,508,543,373,26,95,357,1467,859,363
403,1100116302,2,5,24,206,325,195,0,0,174,293,276,273
404,1100116303,11,6,60,527,779,660,80,127,1066,5237,4799,2975
405,1100116304,146,296,413,290,91,69,152,205,474,175,51,32
406,1100116305,4,3,7,7,3,2,0,21,42,15,0,0
407,1100116306,4,4,9,3,1,3,0,0,0,27,0,0
408,1100116307,8,3,4,2,0,0,0,22,37,0,1,0
409,1100116308,10,3,7,5,0,1,0,0,57,701,958,482
410,1100116311,13,14,51,226,287,183,27,1,56,643,400,356
411,1100116312,27,19,169,1097,1623,1046,29,35,423,2527,2031,1029
412,1100116318,7,2,1,1,0,0,16,15,269,1513,2276,1405
413,1100116401,767,1514,1969,1097,252,101,567,1463,2149,1557,369,116
414,1100116402,469,947,1706,1908,881,404,366,972,2484,2359,666,403
415,1100116403,89,199,424,365,113,55,0,58,367,381,140,62
416,1100116404,96,186,235,181,47,31,3,109,446,812,928,463
417,1100116405,97,193,366,446,275,133,23,120,498,1194,572,269
418,1100116406,89,194,479,724,421,223,34,134,586,1958,1694,1084
419,1100116407,84,171,396,413,171,89,120,104,554,448,414,183
420,1100116408,209,481,861,722,260,106,366,808,1185,1125,339,217
421,1100116409,465,930,1553,1188,326,155,504,509,1354,1088,673,439
422,1100116410,135,325,746,901,398,188,106,375,835,730,274,149
423,1100116411,1,3,1,0,0,0,27,212,1484,1305,527,65
424,1100116412,74,155,307,283,96,23,170,325,1000,971,464,193
425,1100116413,290,669,954,726,234,96,370,926,1676,1051,533,143
426,1100116414,211,420,650,383,82,28,167,702,1632,956,153,60
427,1100116415,85,132,174,102,33,11,66,286,698,1257,521,383
428,1100116416,68,98,102,41,8,4,116,351,336,68,67,46
429,1100116417,27,69,209,263,94,44,40,79,318,536,268,54
430,1100116418,2,0,0,2,0,0,2,0,0,2,0,0
431,1100116419,7,2,3,0,0,0,0,0,22,0,0,0
432,1100116502,32,65,363,1224,1001,484,62,206,641,1937,1267,526
433,1100116503,92,131,281,273,109,52,0,287,329,409,62,27
434,1100116505,122,209,431,638,402,185,202,0,592,1393,606,589
435,1100116506,17,25,200,933,994,591,0,223,648,2433,812,626
436,1100116507,241,432,675,683,415,232,365,1456,2035,1351,580,594
437,1100116508,8,32,126,189,61,38,4,187,309,76,95,8
438,1100116509,4,4,3,3,0,0,50,0,0,0,0,79
439,1100117101,30,51,148,588,749,794,18,35,132,942,654,809
440,1100117102,30,20,90,195,288,287,1,25,69,312,234,266
441,1100117103,13,18,28,79,102,112,29,12,52,97,58,108
442,1100117104,15,35,63,208,258,284,14,1,119,371,119,197
443,1100117105,14,12,51,172,201,180,1,34,79,203,283,146
444,1100117106,11,13,47,81,112,115,0,0,68,83,56,193
445,1100117107,7,7,37,175,227,249,0,0,64,160,318,91
446,1100117201,3,5,24,106,132,141,13,30,14,158,224,56
447,1100117202,17,24,90,427,606,521,1,1,121,586,593,641
448,1100117203,18,36,113,339,355,310,18,51,179,445,395,484
449,1100117204,27,44,126,333,332,355,16,108,236,765,530,438
450,1100117205,16,19,109,386,490,527,1,85,258,755,1040,1024
451,1100117206,19,22,57,316,470,423,13,71,200,851,750,765
452,1100117207,30,13,44,252,293,271,32,0,70,285,490,288
453,1100117208,3,13,31,162,236,238,49,59,210,497,612,378
454,1100117209,73,85,197,470,513,410,33,83,404,913,880,925
455,1100117301,40,72,180,254,120,67,15,54,129,158,136,22
456,1100117302,6,23,77,257,246,156,13,12,48,315,212,93
457,1100117303,48,79,203,419,331,240,14,93,152,358,160,112
458,1100117304,12,19,45,93,107,106,0,0,80,73,92,87
459,1100117305,11,24,108,212,219,189,10,15,110,288,154,104
460,1100117306,5,10,55,158,178,143,0,0,75,214,118,129
461,1100117307,9,19,52,164,146,109,0,60,70,283,79,137
462,1100117308,9,22,63,195,173,131,47,38,140,276,294,62
463,1100117309,53,125,257,238,97,60,58,41,89,93,23,35
464,1100117310,111,185,398,443,191,121,106,220,283,237,68,37
465,1100117311,48,79,194,284,154,109,0,45,84,319,141,29
466,1100117312,13,29,80,163,125,95,130,59,75,216,180,120
467,1100117401,17,14,68,450,747,859,32,13,149,539,953,733
468,1100117402,47,98,235,293,176,100,18,110,113,286,195,59
469,1100117403,20,19,57,214,264,259,14,19,90,91,62,57
470,1100117404,0,3,17,113,107,78,0,0,1,0,36,0
471,1100117405,44,63,204,252,191,100,23,59,202,164,56,46
472,1100117406,69,164,328,343,173,83,24,61,133,254,51,28
473,1100117407,21,35,102,240,208,131,0,11,0,129,57,22
474,1100118101,3,7,29,109,150,228,3,14,88,231,270,327
475,1100118102,0,0,0,1,0,0,1,0,3,0,0,0
476,1100118103,9,9,7,22,19,37,21,0,18,26,34,57
477,1100118104,175,268,480,389,132,76,165,280,454,280,82,66
478,1100118105,68,67,108,186,223,297,26,50,162,311,394,499
479,1100118106,80,72,73,67,58,93,66,66,61,58,64,94
480,1100118107,14,11,30,65,96,158,27,11,57,92,174,314
481,1100118108,1,4,11,30,31,43,2,30,54,151,194,257
482,1100118109,22,31,48,48,18,17,37,54,73,95,49,40
483,1100118201,18,15,50,164,278,393,21,5,75,122,268,357
484,1100118202,7,4,11,47,149,272,1,0,44,68,118,294
485,1100118203,35,44,37,69,111,224,8,9,21,92,225,223
486,1100118204,28,29,48,250,433,609,14,18,119,290,697,990
487,1100118205,125,160,207,283,306,449,208,423,384,388,439,532
488,1100118206,12,13,36,92,224,312,0,0,19,187,489,705
489,1100118207,10,14,47,218,377,481,0,0,140,487,630,695
490,1100118208,63,75,123,268,365,441,63,88,336,779,954,1074
491,1100118209,98,105,164,82,25,17,93,184,247,63,50,22
492,1100118210,6,6,21,86,147,196,8,11,14,163,163,252
493,1100118211,30,26,102,291,348,299,10,38,157,627,574,613
494,1100118212,20,36,106,365,493,509,50,109,239,860,773,858
495,1100118213,38,42,144,426,541,664,37,59,191,696,787,755
496,1100118214,31,26,68,289,452,554,5,13,70,388,387,533
497,1100118215,78,80,91,59,14,5,101,242,216,81,15,0
498,1100118216,2,2,5,26,37,85,21,0,0,9,30,74
499,1100118301,10,5,29,226,520,695,0,0,39,283,524,667
500,1100118302,2,2,1,22,35,54,0,2,1,61,85,47
501,1100118303,1,4,14,101,264,390,0,10,0,127,437,408
502,1100118304,13,14,40,191,460,668,0,11,12,396,857,805
503,1100118305,7,10,37,196,500,726,0,23,16,222,505,559
504,1100118306,8,13,36,159,251,414,0,1,0,187,303,299
505,1100118307,19,22,44,205,396,585,0,0,45,302,750,972
506,1100118308,18,24,41,196,445,688,11,10,12,336,802,952
507,1100118309,19,7,23,153,366,619,0,0,0,410,606,533
508,1100118310,5,7,7,52,136,208,0,0,12,66,158,269
509,1100118311,5,8,32,205,458,774,11,2,23,212,476,592
510,1100118312,6,12,15,68,172,242,0,13,21,43,90,207
511,1100118313,9,12,26,87,128,163,1,0,56,220,240,274
512,1100118314,14,29,42,158,308,484,19,10,32,160,502,530
513,1100118315,10,8,28,203,435,536,0,23,52,358,806,840
514,1100118316,200,224,244,104,18,21,294,484,491,248,111,39
515,1100118317,49,70,95,57,27,21,47,159,200,92,67,10
516,1100118318,97,127,130,86,35,22,117,237,155,105,29,52
517,1100118401,7,7,24,389,762,638,1,36,41,392,991,933
518,1100118402,25,25,74,490,1151,1175,0,0,40,522,1661,1677
519,1100118404,8,19,45,237,538,591,0,0,77,564,497,455
520,1100118405,2,0,18,113,201,193,0,0,42,37,113,154
521,1100118406,169,201,255,211,179,136,82,275,317,227,247,569
522,1100118407,28,46,106,183,212,279,136,173,37,521,668,408
523,1100118408,6,8,16,119,291,356,1,38,1,343,497,704
524,1100118409,0,2,16,120,171,65,0,2,0,107,339,26
525,1100118410,3,2,34,31,16,9,0,0,35,113,181,27
526,1100118411,23,7,15,118,289,401,0,3,50,389,879,817
527,1100118412,15,7,26,146,314,337,1,0,82,502,719,875
528,1100118413,9,10,18,124,221,236,2,0,65,5,116,110
529,1100118414,6,18,31,146,320,335,2,111,84,399,671,392
530,1100118415,44,30,117,984,1902,2396,2,45,120,706,1958,1716
531,1100118416,21,18,50,391,786,998,1,2,0,752,1326,1477
532,1100118417,21,15,39,209,447,537,2,1,76,563,1006,612
533,1100118418,11,17,37,225,546,735,2,2,43,260,882,883
534,1100118501,149,196,293,689,614,368,158,310,540,841,768,474
535,1100118502,259,449,675,439,243,141,442,669,744,1263,822,650
536,1100118503,54,52,102,298,227,153,1,0,219,401,393,146
537,1100118504,264,279,191,88,14,7,283,137,567,286,271,35
538,1100118505,355,623,980,889,368,172,141,791,1195,1259,818,168
539,1100118506,160,361,731,1024,591,275,88,613,1237,1687,605,200
540,1100118507,136,260,495,873,580,325,121,358,715,1494,872,255
541,1100118508,16,11,78,598,1069,879,32,0,205,1294,1949,1535
542,1100118509,7,3,14,130,255,248,0,0,0,78,81,130
543,1100118510,36,45,105,719,1235,1172,1,40,36,1448,1434,1932
544,1100118511,9,7,25,338,613,564,1,1,0,136,405,284
545,1100118512,32,25,82,610,1222,1155,0,0,220,526,1354,847
546,1100118513,28,10,30,309,662,626,0,2,84,885,1663,851
547,1100118514,8,7,25,205,389,351,0,0,84,279,560,338
548,1100118515,47,48,136,771,1447,1357,1,2,68,1382,1732,1762
549,1100118516,153,265,512,693,477,293,1,537,831,1126,422,517
550,1100118517,3,11,13,169,363,232,39,3,32,997,570,740
551,1100118518,10,14,78,532,849,624,47,0,163,897,1386,1407
552,1100118519,29,36,108,543,873,638,2,49,149,841,1052,612
553,1100118520,17,19,27,35,116,114,47,45,22,141,603,461
554,1100118521,212,338,452,346,131,65,233,849,1295,693,283,43
555,1100118522,37,72,98,71,17,4,57,99,181,174,62,0
556,1100118523,138,185,226,108,45,48,221,423,690,791,596,384
557,1100118524,0,3,3,0,0,1,0,3,3,0,0,1
558,1100118525,30,47,113,157,116,64,0,41,174,118,152,75
559,1100118526,617,972,1219,979,560,298,853,1779,2663,2223,700,737
560,1100118527,4,6,9,140,293,169,4,1,36,347,432,241
561,1100118528,78,90,78,55,37,27,40,424,388,720,562,239
562,1100118529,1,0,4,2,0,2,0,50,463,698,422,96
563,1100118530,9,6,24,374,617,475,0,0,50,793,665,427
564,1100118532,791,803,578,228,41,16,777,1761,1867,704,196,173
565,1100118533,78,84,89,59,25,11,0,0,165,113,1,0
566,1100118534,403,285,197,78,18,7,681,907,632,256,244,67
567,1100118535,910,865,540,197,31,6,551,660,839,393,43,121
568,1100118536,34,62,56,38,5,6,133,222,229,221,0,0
569,1100118537,0,0,0,0,0,0,0,0,67,65,126,106
570,1100119101,123,168,289,522,342,237,60,109,340,684,746,484
571,1100119102,185,281,421,588,561,359,199,240,635,1678,1447,1031
572,1100119103,0,2,0,0,0,0,0,1,1,75,71,1
573,1100119104,14,11,58,441,681,553,0,77,0,1902,1431,669
574,1100119105,171,230,527,1108,1136,721,141,2,528,1513,1367,870
575,1100119106,113,192,413,911,1024,716,106,2,707,1609,1732,737
576,1100119107,308,609,1033,1379,1015,722,452,816,1482,1346,700,842
577,1100119108,338,678,1202,1595,1340,1051,110,484,1732,2083,1705,738
578,1100119109,5,13,25,203,439,477,0,0,1,279,186,395
579,1100119110,0,2,21,260,343,242,0,81,108,265,487,544
580,1100119111,29,25,108,968,2031,1914,1,53,185,2199,2927,2123
581,1100119112,11,10,26,126,315,336,0,0,1,560,974,555
582,1100119113,37,48,43,105,245,265,2,1,89,182,229,347
583,1100119114,65,89,179,492,512,426,191,57,376,1946,2425,1456
584,1100119115,61,115,150,329,500,404,0,325,629,1668,3085,1749
585,1100119116,44,58,152,397,477,282,154,201,649,701,942,404
586,1100119117,199,323,527,965,1442,1143,230,645,1030,1364,1556,553
587,1100119118,12,16,48,335,727,703,0,1,99,863,1129,815
588,1100119119,33,54,103,410,691,435,81,119,319,1111,1604,1213
589,1100119120,214,407,751,1364,1119,622,318,415,1003,1836,1925,625
590,1100119121,16,15,17,54,152,156,69,6,176,788,444,454
591,1100119122,1,2,29,135,226,215,0,0,0,75,228,184
592,1100119123,4,1,12,103,286,248,0,0,0,339,194,294
593,1100119124,0,0,0,0,0,0,0,1,0,0,2,0
594,1100119201,294,449,613,526,256,178,247,624,791,1749,808,467
595,1100119202,42,90,177,307,278,161,0,260,425,1278,870,297
596,1100119203,467,661,699,560,224,105,413,1399,955,853,459,50
597,1100119204,462,657,637,317,74,40,418,978,2193,871,235,230
598,1100119205,1179,1932,2014,1018,215,110,1747,2806,2746,1854,778,267
599,1100119206,627,900,865,446,92,47,764,693,1505,919,538,114
600,1100119207,1029,1683,2099,1340,321,144,1238,2101,4516,2096,1218,211
601,1100119208,166,399,1016,1606,794,408,371,904,2565,3192,1826,377
602,1100119209,417,671,898,764,347,219,333,1314,1591,864,426,239
603,1100119210,283,495,1018,1743,1443,879,477,1089,1920,4500,2413,1126
604,1100119211,351,491,556,361,249,131,1072,1255,1401,1846,744,587
605,1100119212,97,93,94,57,16,14,163,119,595,519,324,160
606,1100119213,10,27,28,25,31,33,0,0,1,166,745,271
607,1100119214,246,422,966,1410,762,421,340,826,2956,2957,1401,554
608,1100119215,1213,1958,2590,1959,583,241,2485,5963,7220,4829,1573,763
609,1100119216,323,644,1179,1072,385,182,598,618,2423,1702,949,687
610,1100119217,98,214,991,2209,1548,854,458,1218,3752,9734,3896,1991
611,1100119218,240,209,196,141,74,56,1151,1406,2105,2339,777,411
612,1100119219,192,211,173,82,10,5,69,561,613,192,144,55
613,1100119220,636,1096,1621,1281,410,194,527,1911,3399,1951,331,426
614,2575410002,271,597,1069,938,305,119,527,1294,1778,1507,592,104
615,2575410003,680,1088,1596,1069,328,101,977,1584,2828,2472,628,50
616,2575410004,803,938,1138,823,227,100,1231,2029,1886,1179,89,97
617,2575410006,158,451,2148,2687,647,170,771,1026,2677,3400,687,179
618,2575410007,391,603,654,299,52,27,580,1232,1785,872,29,2
619,2575410008,153,164,468,574,177,76,224,302,461,464,208,50
620,2575410009,487,859,2250,3613,1526,702,728,1769,4543,4534,1237,446
621,2575410010,613,723,929,687,238,135,2085,2050,3470,2481,520,307
622,2575410011,1461,1881,2163,1118,224,116,2663,3788,4645,2244,498,78
623,2575410014,1023,538,267,92,21,10,1386,1190,824,482,169,21
624,2575410025,0,0,0,0,0,0,4,4,4,0,2,0
625,1100116504,41,58,514,2059,1898,936,16,60,1997,3836,2097,411
626,2575410001,916,1408,1884,1425,478,193,1752,3045,4651,3604,1067,166
627,2575410012,644,597,566,183,38,8,2417,2371,2039,1016,44,23
